<?xml version="1.0" encoding="utf-8"?>
	<genosel>
		<number_of_images>5</number_of_images>	
			<images>
 
		
				<image>
					<url>images/cabbage.png</url>
					<links>http://www.friendsofed.com</links>
				</image>
 
				<image>
					<url> images/tomtee.png</url>
					<links>http://www.friendsofed.com</links>
				</image>
 
				<image>
					<url>images/sqwidge.png</url>
					<links>http://tutorials.flashmymind.com</links>
				</image>
 
				<image>
					<url>images/bug.png</url>
					<links>http://www.friendsofed.com</links>
				</image>
 
				<image>
					<url>images/blobby.png</url>
					<links>http://www.friendsofed.com</links>
				</image>
		</images>
</genosel>